OBJECTID,LAD21CD,LAD21NM,BNG_E,BNG_N,LONG,LAT,SHAPE_Length,SHAPE_Area,Students
1,E06000001,Hartlepool,447160,531474,-1.27018,54.67614,70995.72293,93717029.91,680
2,E06000002,Middlesbrough,451141,516887,-1.21099,54.54467,44481.44138,53881562.63,760
3,E06000003,Redcar and Cleveland,464361,519597,-1.00608,54.56752,96704.03153,245069509.4,1085
4,E06000004,Stockton-on-Tees,444940,518183,-1.30664,54.556911,123408.7881,204932952.7,1395
5,E06000005,Darlington,428029,515648,-1.56835,54.535339,107203.1523,197477768.1,755
6,E06000006,Halton,354246,382146,-2.68853,53.33424,77770.9338,79084032.62,820
7,E06000007,Warrington,362744,388456,-2.5616701,53.391628,114690.6868,180627982.9,1660
8,E06000008,Blackburn with Darwen,369490,422806,-2.4635999,53.700802,65284.95232,137022079.4,1305
9,E06000009,Blackpool,332819,436635,-3.0219901,53.82164,34483.47997,34870886.45,870
10,E06000010,"Kingston upon Hull, City of",511894,431650,-0.30382001,53.769199,64681.10408,71583611.12,1110
11,E06000011,East Riding of Yorkshire,488056,443597,-0.66194999,53.881119,504081.6392,2404771587,2395
12,E06000012,North East Lincolnshire,523465,404564,-0.13911,53.52327,93248.48652,192622955.9,970
13,E06000013,North Lincolnshire,497800,410993,-0.52407002,53.58643,244547.8375,846540130.4,1200
14,E06000014,York,460864,452589,-1.07375,53.96582,101947.3877,271931825.2,1140
15,E06000015,Derby,435609,335375,-1.47189,52.914639,50037.52735,78031123.67,1410
16,E06000016,Leicester,458946,304594,-1.1303999,52.635921,51931.70734,73342071.7,2185
17,E06000017,Rutland,492992,308655,-0.62629998,52.667648,125884.932,393748906.9,310
18,E06000018,Nottingham,456082,339969,-1.16667,52.954189,58724.03277,74613555.34,1185
19,E06000019,"Herefordshire, County of",349434,242834,-2.73931,52.081539,349889.26,2179709443,1195
20,E06000020,Telford and Wrekin,367035,313057,-2.4894099,52.714169,118779.6568,290313543.5,1265
21,E06000021,Stoke-on-Trent,389438,346652,-2.15888,53.017071,63974.45065,93448482.21,1240
22,E06000022,Bath and North East Somerset,366217,161999,-2.4865401,51.356041,141684.5697,351123212.5,1330
23,E06000023,"Bristol, City of",359990,174846,-2.57742,51.471149,108825.7019,109666791.5,1585
24,E06000024,North Somerset,347614,166718,-2.75438,51.39706,154770.1712,374637225.9,1540
25,E06000025,South Gloucestershire,367559,183198,-2.4692199,51.54673,142552.7568,497050934.3,1810
26,E06000026,Plymouth,249945,58255,-4.1129699,50.404942,92645.28595,79849713.87,1670
27,E06000027,Torbay,289730,64613,-3.5552299,50.470921,77910.701,62886694.46,920
28,E06000030,Swindon,418551,186564,-1.73367,51.577629,103014.6196,230093376.5,1205
29,E06000031,Peterborough,517372,300777,-0.26874,52.59214,112677.9672,343378157,1255
30,E06000032,Luton,508606,222559,-0.42319,51.891022,34569.60263,43352491.44,1510
31,E06000033,Southend-on-Sea,587777,186837,0.70692301,51.549171,57783.25338,41673935.68,1460
32,E06000034,Thurrock,562123,181590,0.33486101,51.509979,115992.1282,163837050.3,990
33,E06000035,Medway,578207,175198,0.56317401,51.44772,249514.8248,193714249.2,2045
34,E06000036,Bracknell Forest,488169,168792,-0.73363,51.411301,62507.90393,109384214.7,760
35,E06000037,West Berkshire,450575,172095,-1.27364,51.445591,166801.5831,704169399.5,1275
36,E06000038,Reading,470226,173154,-0.99071002,51.453018,39330.63697,40397992.56,675
37,E06000039,Slough,498920,179246,-0.57617003,51.503502,44181.39323,32542009.05,1145
38,E06000040,Windsor and Maidenhead,492079,176541,-0.67540997,51.480339,114829.0717,198427168.8,1125
39,E06000041,Wokingham,476624,169902,-0.89934999,51.422958,86865.5899,178965482.7,1220
40,E06000042,Milton Keynes,486408,242308,-0.74070001,52.072411,102960.2898,308626791.3,1695
41,E06000043,Brighton and Hove,530279,106850,-0.15079001,50.8465,59519.38441,82832959.11,1580
42,E06000044,Portsmouth,465619,101352,-1.07006,50.807999,62643.78949,40389409.31,1190
43,E06000045,Southampton,442303,113700,-1.39952,50.9212,61543.99716,49880646.99,1185
44,E06000046,Isle of Wight,447183,85949,-1.33366,50.671291,210138.3764,379620110.6,835
45,E06000047,County Durham,410381,532242,-1.8405,54.685131,315062.7806,2231457247,3130
46,E06000049,Cheshire East,380510,363462,-2.29299,53.167931,301224.7497,1166357381,2785
47,E06000050,Cheshire West and Chester,353097,363145,-2.70298,53.163361,335614.8118,920018000.2,2470
48,E06000051,Shropshire,350227,302960,-2.73667,52.62212,580649.3577,3197275382,1870
49,E06000052,Cornwall,212497,64493,-4.64254,50.450218,1241734.321,3548939237,3735
50,E06000053,Isles of Scilly,91327,11447,-6.3021698,49.923321,117979.339,16317753.95,15
51,E06000054,Wiltshire,405209,158863,-1.92661,51.328831,402006.2868,3255338120,3280
52,E06000055,Bedford,505721,256463,-0.45462999,52.196281,131721.0835,476408301.3,1335
53,E06000056,Central Bedfordshire,504615,234492,-0.47753999,51.999031,232692.3168,715665302.2,1820
54,E06000057,Northumberland,395322,600699,-2.0752299,55.300369,605421.9935,5032268631,2245
55,E06000058,"Bournemouth, Christchurch and Poole",410815,94066,-1.84807,50.74609,169171.6298,162070068.5,#N/A
56,E06000059,Dorset,370871,99796,-2.41467,50.79697,594357.6567,2490956587,#N/A
57,E06000060,Buckinghamshire,482506,208561,-0.80568999,51.769661,361852.6407,1564949150,#N/A
58,E06000061,North Northamptonshire,493590,281718,-0.62503999,52.425461,210629.4862,986594568.1,#N/A
59,E06000062,West Northamptonshire,467187,263879,-1.01682,52.268978,263792.054,1380395593,#N/A
60,E07000008,Cambridge,545420,257901,0.126436,52.200169,37170.35821,40698797.94,700
61,E07000009,East Cambridgeshire,555576,275765,0.283149,52.35788,234187.5969,651286027.3,580
62,E07000010,Fenland,536361,294959,0.009016,52.535439,187881.713,546450060.7,450
63,E07000011,Huntingdonshire,521008,274269,-0.2247,52.353149,223337.6722,912455234.2,1100
64,E07000012,South Cambridgeshire,543295,247586,0.091017,52.108051,257078.0475,901624805.7,1060
65,E07000026,Allerdale,317520,532997,-3.2809,54.685242,326488.8236,1258309835,640
66,E07000027,Barrow-in-Furness,321741,474165,-3.1998999,54.15731,146480.6665,77896997.26,445
67,E07000028,Carlisle,348576,565154,-2.80498,54.978329,278392.3193,1038297607,565
68,E07000029,Copeland,310871,508739,-3.3766401,54.466171,252311.3256,737632448.4,380
69,E07000030,Eden,359636,526396,-2.62678,54.631069,268743.6568,2156471321,370
70,E07000031,South Lakeland,349265,489555,-2.78108,54.29908,381795.0021,1554926442,870
71,E07000032,Amber Valley,436166,348084,-1.46219,53.028839,109036.1618,265437866.8,775
72,E07000033,Bolsover,448666,371548,-1.27228,53.23875,96239.00598,160334647,430
73,E07000034,Chesterfield,440049,373359,-1.40115,53.255749,52617.64619,66035293.27,745
74,E07000035,Derbyshire Dales,419697,358493,-1.70711,53.12326,245475.1462,795318060.8,470
75,E07000036,Erewash,443721,338063,-1.3509001,52.938202,73547.40742,109630045.6,640
76,E07000037,High Peak,410474,387660,-1.84398,53.385689,159632.6538,540254002.9,605
77,E07000038,North East Derbyshire,437369,362955,-1.44253,53.16243,161243.4186,275623525.4,525
78,E07000039,South Derbyshire,431443,325363,-1.5348001,52.824902,166692.9715,338126971.2,485
79,E07000040,East Devon,313790,96050,-3.2235899,50.757599,219476.409,814245109.4,825
80,E07000041,Exeter,293239,92005,-3.51368,50.717819,50238.17225,47033024.84,605
81,E07000042,Mid Devon,288064,108911,-3.5921199,50.86882,246269.4267,912900111.7,520
82,E07000043,North Devon,265110,132532,-3.9269099,51.07621,321532.6935,1085882521,675
83,E07000044,South Hams,270676,54036,-3.8199601,50.371948,478794.0848,886546850.8,655
84,E07000045,Teignbridge,283144,80205,-3.65289,50.60981,191473.556,673759657.2,765
85,E07000046,Torridge,244206,114334,-4.2172799,50.907391,316930.3708,985258200.6,320
86,E07000047,West Devon,256376,86990,-4.0336099,50.66481,254096.6665,1161110805,315
87,E07000061,Eastbourne,559339,99575,0.25851601,50.773869,38032.2758,44161432.41,560
88,E07000062,Hastings,581528,110694,0.57839501,50.867241,34102.06325,29796092.25,405
89,E07000063,Lewes,541474,105686,0.007671,50.833408,168359.7438,292106799.1,740
90,E07000064,Rother,578721,119666,0.54293698,50.948711,180531.8597,511753822.4,675
91,E07000065,Wealden,555048,117180,0.205156,50.93322,225877.8354,834948412.1,875
92,E07000066,Basildon,571548,190848,0.47505501,51.590359,85630.47584,110001023,1075
93,E07000067,Braintree,577253,227335,0.57591099,51.91634,168686.28,611707972.3,800
94,E07000068,Brentwood,558560,196070,0.29009101,51.641079,72339.36486,153124049.5,900
95,E07000069,Castle Point,579490,187920,0.58808398,51.561588,163436.8668,44673516.74,770
96,E07000070,Chelmsford,572116,206972,0.49117699,51.735031,126395.3088,342227523.1,1425
97,E07000071,Colchester,596944,223693,0.85977697,51.877022,318167.6549,332325215.8,1250
98,E07000072,Epping Forest,548919,203758,0.154147,51.712791,123273.0574,338984123.6,665
99,E07000073,Harlow,545276,209589,0.103888,51.76614,28515.35072,30537917.18,545
100,E07000074,Maldon,591413,212072,0.77310598,51.774578,469757.1017,357815639.6,250
101,E07000075,Rochford,585979,191417,0.683442,51.5909,234542.6035,167092822.6,675
102,E07000076,Tendring,614190,222141,1.108981,51.856739,442534.7836,336324345.7,855
103,E07000077,Uttlesford,557832,228865,0.294485,51.935921,166507.7334,641182922.3,530
104,E07000078,Cheltenham,394925,222232,-2.07515,51.898609,38230.95163,46596069.56,675
105,E07000079,Cotswold,402125,208209,-1.97059,51.772549,332444.3906,1164524408,660
106,E07000080,Forest of Dean,367175,212759,-2.47755,51.812489,190129.0843,525902190.8,530
107,E07000081,Gloucester,384071,216449,-2.23263,51.846409,33539.63893,40553089.07,920
108,E07000082,Stroud,378807,202410,-2.3081801,51.720009,172781.8422,460541978.1,865
109,E07000083,Tewkesbury,386347,226279,-2.19998,51.934849,204835.337,414414320.2,705
110,E07000084,Basingstoke and Deane,454508,151423,-1.22021,51.259369,143437.0801,633817174.9,1210
111,E07000085,East Hampshire,474404,129237,-0.93971002,51.057652,144540.4564,514432073.3,925
112,E07000086,Eastleigh,447202,116802,-1.32943,50.948719,75889.81837,79678661.76,1050
113,E07000087,Fareham,453774,106319,-1.23742,50.853882,66342.58648,74256780.9,865
114,E07000088,Gosport,458769,101088,-1.16731,50.806358,40198.87836,25373864.37,455
115,E07000089,Hart,477985,154240,-0.88321,51.281971,77847.65097,215265080.7,855
116,E07000090,Havant,470178,108564,-1.00398,50.872311,115625.9519,55739559.55,730
117,E07000091,New Forest,428748,106521,-1.59293,50.857479,332043.0029,752175262.6,1210
118,E07000092,Rushmoor,486022,153944,-0.76806998,51.278149,31892.98609,39045040,505
119,E07000093,Test Valley,434930,137329,-1.50214,51.134171,190816.0117,627595194.1,815
120,E07000094,Winchester,453115,125901,-1.24393,51.030022,172157.9285,660970091.2,905
121,E07000095,Broxbourne,534742,204251,-0.050730001,51.720798,39068.73478,51442302.89,775
122,E07000096,Dacorum,500084,208745,-0.55097997,51.768452,110103.6036,212476395.6,1095
123,E07000098,Hertsmere,519774,199352,-0.26899001,51.680168,61228.10152,101128162.4,905
124,E07000099,North Hertfordshire,522192,230256,-0.22314,51.957378,168316.6415,375382315.8,780
125,E07000102,Three Rivers,507313,196418,-0.45005,51.656319,74112.51218,88824172.46,840
126,E07000103,Watford,510441,198197,-0.40428999,51.6717,26392.36379,21430351.4,555
127,E07000105,Ashford,597640,140644,0.82337397,51.130959,149446.3363,580617311.4,775
128,E07000106,Canterbury,616032,158096,1.096342,51.281021,134481.5332,308752563.3,1155
129,E07000107,Dartford,556167,172917,0.245276,51.433731,57309.38509,72725578.23,920
130,E07000108,Dover,628964,150942,1.2768871,51.211761,148160.6939,315337969.6,895
131,E07000109,Gravesham,566969,169114,0.39874399,51.396488,60516.72116,98991344.39,835
132,E07000110,Maidstone,580489,151670,0.58406103,51.235661,122980.4438,393329513.6,1280
133,E07000111,Sevenoaks,552776,155218,0.188936,51.275631,134435.3301,370346869.6,235
134,E07000112,Folkestone and Hythe,610318,134595,1.000795,51.072128,148969.3986,356921036.9,615
135,E07000113,Swale,593583,161818,0.77689302,51.32251,347823.0739,373436666.3,950
136,E07000114,Thanet,631839,166752,1.328226,51.35252,65351.07992,103609163.1,935
137,E07000115,Tonbridge and Malling,564014,153898,0.34930599,51.260639,133211.2739,240114269.5,985
138,E07000116,Tunbridge Wells,573139,136599,0.471632,51.102539,150590.3483,331328858.2,1160
139,E07000117,Burnley,384886,430882,-2.2307999,53.774059,57764.47901,110683998,440
140,E07000118,Chorley,359189,419724,-2.61921,53.672401,114515.8872,202762137,950
141,E07000119,Fylde,339554,433811,-2.9191401,53.797089,138118.3976,165696809.2,460
142,E07000120,Hyndburn,374407,428971,-2.3896401,53.756481,42726.64553,73006538.4,620
143,E07000121,Lancaster,356896,464988,-2.6603,54.07901,345319.329,566931387,905
144,E07000122,Pendle,387637,443368,-2.18957,53.88636,79243.62739,169380095.9,550
145,E07000123,Preston,352825,436432,-2.7180901,53.822021,82804.91515,142284181.6,760
146,E07000124,Ribble Valley,372687,447676,-2.4173999,53.9245,150571.019,584462427.3,690
147,E07000125,Rossendale,382827,420955,-2.2614901,53.68478,71149.66789,138040902.8,560
148,E07000126,South Ribble,352017,425840,-2.7287099,53.726749,105351.7167,113141866.9,990
149,E07000127,West Lancashire,342611,413270,-2.8689301,53.612831,227324.59,346632973.1,825
150,E07000128,Wyre,347295,445159,-2.8035901,53.89991,212730.7212,282164810.8,800
151,E07000129,Blaby,454385,297994,-1.1988699,52.577061,100819.772,130468677.5,230
152,E07000130,Charnwood,458365,316155,-1.13694,52.739899,115474.2704,279042273.1,1220
153,E07000131,Harborough,474549,293875,-0.90228999,52.537659,185950.6398,592692043.9,735
154,E07000132,Hinckley and Bosworth,439538,301379,-1.41755,52.608768,111545.9918,297351487.7,950
155,E07000133,Melton,477328,323472,-0.85439998,52.803291,140629.2852,481380509.6,300
156,E07000134,North West Leicestershire,439111,316252,-1.4220901,52.7425,116453.0258,279328076,520
157,E07000135,Oadby and Wigston,461543,299379,-1.0930001,52.588749,31171.73295,23526096.53,675
158,E07000136,Boston,526851,343953,-0.11218,52.97794,440527.0914,364008573.4,395
159,E07000137,East Lindsey,534861,376064,0.020516001,53.264462,373175.4876,1766773259,895
160,E07000138,Lincoln,496347,370096,-0.55848002,53.219212,32969.76299,35690274.46,590
161,E07000139,North Kesteven,502135,354788,-0.47670001,53.080582,181807.6304,922471383.4,930
162,E07000140,South Holland,532910,322928,-0.03057,52.787579,438385.6266,750076114.1,580
163,E07000141,South Kesteven,501406,328986,-0.49564999,52.84885,209816.2363,942585798.4,1030
164,E07000142,West Lindsey,499314,390326,-0.50774002,53.40044,249630.4802,1155731961,725
165,E07000143,Breckland,591015,303330,0.81871599,52.594212,239527.4844,1305116638,695
166,E07000144,Broadland,619864,315909,1.252317,52.69622,219128.1487,552060635.6,835
167,E07000145,Great Yarmouth,646761,315881,1.64951,52.684391,145908.0171,174314101.7,500
168,E07000146,King's Lynn and West Norfolk,571219,315805,0.533243,52.71283,695922.6114,1439522738,755
169,E07000147,North Norfolk,611076,330857,1.132099,52.833889,600214.692,967553195.4,475
170,E07000148,Norwich,622355,309773,1.284979,52.640129,52686.50076,39021966.29,490
171,E07000149,South Norfolk,628990,295823,1.373233,52.51218,266872.2704,907576581.4,915
172,E07000163,Craven,389513,461989,-2.16168,54.053761,199883.5699,1178807443,605
173,E07000164,Hambleton,443009,490546,-1.34049,54.30872,298549.7162,1311242676,640
174,E07000165,Harrogate,427473,464652,-1.58161,54.07708,246983.7835,1309117895,1365
175,E07000166,Richmondshire,401039,495786,-1.98552,54.357609,221695.052,1318702675,380
176,E07000167,Ryedale,475590,478890,-0.84276998,54.200211,249873.2016,1506594093,320
177,E07000168,Scarborough,495798,495548,-0.52778,54.3465,241939.6211,816188424.7,625
178,E07000169,Selby,457551,426670,-1.1290801,53.733269,264847.1317,599315524.9,610
179,E07000170,Ashfield,450035,355843,-1.25422,53.097469,69174.70108,109557941.2,720
180,E07000171,Bassetlaw,468073,384835,-0.97869998,53.356041,159734.4271,637803646.8,700
181,E07000172,Broxtowe,449829,341893,-1.2594399,52.972099,65999.6165,80098842.65,630
182,E07000173,Gedling,459184,347811,-1.1190701,53.024342,69754.38055,119981506.1,780
183,E07000174,Mansfield,455047,363637,-1.17804,53.16703,51090.81485,76696899.03,720
184,E07000175,Newark and Sherwood,470624,357451,-0.94643003,53.1096,187422.2941,651340472.2,550
185,E07000176,Rushcliffe,466606,335453,-1.01097,52.912399,123324.2048,409231536,960
186,E07000177,Cherwell,449301,221201,-1.28506,51.887199,225626.0404,588741166.4,730
187,E07000178,Oxford,452277,206368,-1.24405,51.753571,34999.53486,45602916.36,560
188,E07000179,South Oxfordshire,463890,191964,-1.07847,51.622879,205399.7964,678521424.5,1080
189,E07000180,Vale of White Horse,435693,195197,-1.48543,51.65443,175976.8422,578660266.6,585
190,E07000181,West Oxfordshire,434343,215816,-1.50292,51.839901,160247.497,714422027.4,700
191,E07000187,Mendip,362238,144090,-2.54178,51.194759,198849.8038,739435425.7,685
192,E07000188,Sedgemoor,338429,143998,-2.8824601,51.19186,258006.9778,564223845.1,765
193,E07000189,South Somerset,345633,120798,-2.7758801,50.98399,241316.7359,959040235.6,975
194,E07000192,Cannock Chase,401261,311553,-1.98277,52.70166,50127.56768,78882571.19,695
195,E07000193,East Staffordshire,412601,326569,-1.81438,52.83651,183696.0802,389987162.3,955
196,E07000194,Lichfield,416283,310967,-1.7604899,52.696152,127468.1237,331294331.3,670
197,E07000195,Newcastle-under-Lyme,378199,345174,-2.3263099,53.003448,108258.8779,210957320.6,775
198,E07000196,South Staffordshire,389625,311037,-2.1549499,52.696918,184894.035,407322253.1,725
199,E07000197,Stafford,389001,327836,-2.1647501,52.847919,159078.504,598172232.7,845
200,E07000198,Staffordshire Moorlands,400543,352443,-1.99334,53.069241,152448.0057,575849820.4,725
201,E07000199,Tamworth,421455,302550,-1.68451,52.620312,30729.91457,30850718.77,220
202,E07000200,Babergh,599987,244692,0.91614902,52.064499,210447.7791,595116562.5,600
203,E07000202,Ipswich,617161,244456,1.166145,52.05592,45342.29176,39509795.45,960
204,E07000203,Mid Suffolk,611646,262338,1.096953,52.21859,191154.5789,871070646,840
205,E07000207,Elmbridge,511882,163658,-0.39441001,51.360981,52205.99928,96334274.7,650
206,E07000208,Epsom and Ewell,521176,161475,-0.26172,51.339451,28503.66763,34079152.84,855
207,E07000209,Guildford,500408,151481,-0.56256998,51.253658,128414.0989,270931187.4,995
208,E07000210,Mole Valley,518377,148953,-0.30603001,51.227489,105402.6878,258320952.5,575
209,E07000211,Reigate and Banstead,525786,152574,-0.19870999,51.258461,79923.50798,129143924.3,950
210,E07000212,Runnymede,501777,166979,-0.53855002,51.392731,45677.28986,78040686.69,610
211,E07000213,Spelthorne,507012,169622,-0.46254,51.41552,44134.44918,51161362.67,700
212,E07000214,Surrey Heath,491362,160483,-0.68985999,51.336102,53559.6225,95092959.25,610
213,E07000215,Tandridge,536365,150325,-0.048050001,51.235809,83136.78247,248194569.8,525
214,E07000216,Waverley,496363,140635,-0.62343001,51.15686,125435.7627,345170238,960
215,E07000217,Woking,499087,157542,-0.57981998,51.308369,54781.32721,63603603.46,650
216,E07000218,North Warwickshire,425570,296399,-1.6242,52.564838,113230.4232,284261502.7,425
217,E07000219,Nuneaton and Bedworth,435419,289352,-1.47965,52.500938,48148.58496,78950291.64,835
218,E07000220,Rugby,446498,276244,-1.31828,52.382278,115093.4196,353557288.5,795
219,E07000221,Stratford-on-Avon,425019,251536,-1.63565,52.161541,261383.6736,977869055.6,1015
220,E07000222,Warwick,428484,267113,-1.58369,52.301418,116717.1272,282882319.7,840
221,E07000223,Adur,518076,106472,-0.32416999,50.845718,60515.63235,42065494.46,270
222,E07000224,Arun,495144,105723,-0.64999002,50.843208,156497.7603,220991201.2,745
223,E07000225,Chichester,490285,116600,-0.71630001,50.941769,297274.8104,786194857.4,720
224,E07000226,Crawley,526390,137581,-0.19532999,51.123569,38799.41493,44971203.15,795
225,E07000227,Horsham,513674,123840,-0.38126001,51.00272,215759.5137,530278365.1,1045
226,E07000228,Mid Sussex,533054,130623,-0.10272,51.059528,132912.1765,334029226.7,1200
227,E07000229,Worthing,512679,104948,-0.40127,50.833099,29462.09519,32521008.05,810
228,E07000234,Bromsgrove,399840,273736,-2.0037601,52.361691,113135.306,216968481,835
229,E07000235,Malvern Hills,377465,252197,-2.3308899,52.16758,230605.3553,577070979.6,495
230,E07000236,Redditch,403705,265253,-1.9471,52.285412,41301.75601,54250911.92,495
231,E07000237,Worcester,385725,255196,-2.2102499,52.19482,31263.06628,33278125.02,480
232,E07000238,Wychavon,398991,247839,-2.01614,52.12886,219519.7013,663541973.5,640
233,E07000239,Wyre Forest,384106,276388,-2.2349401,52.3853,100867.0754,195403721,415
234,E07000240,St Albans,514580,209623,-0.3407,51.77356,72946.28481,161205874.2,1585
235,E07000241,Welwyn Hatfield,525345,208467,-0.18517999,51.760872,82391.983,129536896.5,590
236,E07000242,East Hertfordshire,537995,220370,0.002739,51.864849,135188.1784,475669102.4,1495
237,E07000243,Stevenage,524622,224531,-0.18987,51.905392,28588.26136,25969241.28,675
238,E07000244,East Suffolk,636043,266272,1.4561861,52.243992,584790.2875,1260989579,#N/A
239,E07000245,West Suffolk,580944,271124,0.65276903,52.308418,274547.4556,1034675783,#N/A
240,E07000246,Somerset West and Taunton,304960,130228,-3.3576601,51.06348,288679.0239,1189084426,#N/A
241,E08000001,Bolton,368352,409873,-2.4795201,53.584492,82647.15773,139792042.6,2015
242,E08000002,Bury,379658,410768,-2.3088,53.593102,68541.68841,99460126.88,1565
243,E08000003,Manchester,384591,397063,-2.2335899,53.470089,86856.39966,115648368,2800
244,E08000004,Oldham,396603,406784,-2.0527401,53.557678,71165.72046,142344917.4,2150
245,E08000005,Rochdale,390315,412326,-2.14784,53.60741,82713.14456,158128175.4,1630
246,E08000006,Salford,374556,398128,-2.38485,53.479271,63268.74159,97197278.5,1345
247,E08000007,Stockport,391806,388264,-2.12467,53.391159,73638.55578,126040311.3,2025
248,E08000008,Tameside,394987,397995,-2.0769999,53.478668,55988.97622,103154293,1650
249,E08000009,Trafford,375790,391162,-2.36572,53.41671,60718.08721,106044612.4,2150
250,E08000010,Wigan,362136,402126,-2.5724699,53.51445,88690.38581,188171012.5,2165
251,E08000011,Knowsley,344762,393778,-2.8329699,53.437881,68167.36916,86500060.76,660
252,E08000012,Liverpool,339361,390553,-2.91364,53.408298,62699.74878,111835572.4,3135
253,E08000013,St. Helens,353412,395992,-2.7031,53.458618,76386.88959,136358793.5,1220
254,E08000014,Sefton,334282,398832,-2.99177,53.482101,130345.7528,156578243.9,2270
255,E08000015,Wirral,329110,386965,-3.0670099,53.374779,133924.4085,160922014,2555
256,E08000016,Barnsley,429979,403327,-1.54925,53.525768,126421.1412,329077594.5,1280
257,E08000017,Doncaster,459167,403735,-1.10894,53.52697,171114.4885,568006405.3,1915
258,E08000018,Rotherham,447542,388980,-1.28651,53.395531,106151.9038,286534366.9,1845
259,E08000019,Sheffield,430511,389736,-1.54254,53.40358,132837.0662,367930013.5,3055
260,E08000021,Newcastle upon Tyne,422287,569661,-1.65297,55.021,65224.1225,113446877.6,1325
261,E08000022,North Tyneside,431471,570602,-1.50923,55.028961,65347.67189,82311584.93,1365
262,E08000023,South Tyneside,435514,564057,-1.44679,54.969879,51335.26678,64420348.64,920
263,E08000024,Sunderland,436470,551524,-1.43344,54.857189,99824.62526,137436258.1,1800
264,E08000025,Birmingham,408150,287352,-1.88141,52.484039,106260.6195,267791058.8,7340
265,E08000026,Coventry,432807,279689,-1.51908,52.41423,54057.19106,98639060.66,2135
266,E08000027,Dudley,393191,288584,-2.1017101,52.495129,75382.28028,97958243.34,2265
267,E08000028,Sandwell,399573,290764,-2.00771,52.514771,59211.00113,85558927.9,1965
268,E08000029,Solihull,419434,281483,-1.71558,52.431,101031.2751,178282117.1,1975
269,E08000030,Walsall,402098,300804,-1.97044,52.60503,59401.17943,103973538.3,1775
270,E08000031,Wolverhampton,391463,300016,-2.12746,52.597881,56054.78866,69436709.48,1685
271,E08000032,Bradford,408395,438626,-1.87389,53.843819,135920.3652,366419745.4,3485
272,E08000033,Calderdale,402617,424896,-1.96182,53.720482,107687.1873,363960992.7,1760
273,E08000034,Kirklees,414586,416223,-1.7808501,53.64233,125668.2778,408551660.8,3095
274,E08000035,Leeds,432528,436384,-1.50736,53.822731,161521.7355,551706535.8,4390
275,E08000036,Wakefield,438366,418235,-1.42092,53.659222,109447.2864,338619733.8,2370
276,E08000037,Gateshead,420159,559652,-1.68694,54.931149,89794.06237,142354807.6,1195
277,E09000001,City of London,532382,181358,-0.093510002,51.51564,9404.600409,2889678.823,20
278,E09000002,Barking and Dagenham,547757,185111,0.12947901,51.545551,40903.00612,36101367.44,1365
279,E09000003,Barnet,523473,191752,-0.21819,51.611069,50937.77818,86766703.24,2635
280,E09000004,Bexley,549202,175434,0.146212,51.458221,47959.49024,60578408.39,2120
281,E09000005,Brent,519615,186465,-0.27568001,51.564381,38441.46211,43236364.5,2140
282,E09000006,Bromley,542036,165707,0.039246,51.372662,76225.71965,150132482.6,2340
283,E09000007,Camden,527491,184283,-0.16291,51.543049,26245.73918,21778579.66,1005
284,E09000008,Croydon,533922,164744,-0.077610001,51.365971,58721.19577,86488720.66,3035
285,E09000009,Ealing,517055,181959,-0.3141,51.524422,47461.41748,55542068.97,2125
286,E09000010,Enfield,532831,196198,-0.081440002,51.648891,41091.47176,82190329.7,2615
287,E09000011,Greenwich,542507,175878,0.050092999,51.46394,47635.28677,47311233.38,1395
288,E09000012,Hackney,534560,185787,-0.060449999,51.55492,25441.85444,19043878.18,1155
289,E09000013,Hammersmith and Fulham,523867,177993,-0.21735001,51.487331,24008.09587,16403288.64,755
290,E09000014,Haringey,531260,189349,-0.1067,51.587711,29085.50896,29606188.76,1495
291,E09000015,Harrow,515359,189736,-0.33598,51.594669,33811.79129,50464270.39,1720
292,E09000016,Havering,555032,187514,0.235368,51.565189,63722.71372,112343558.3,1885
293,E09000017,Hillingdon,508166,183121,-0.44182,51.53664,63941.02129,115704359.8,1930
294,E09000018,Hounslow,512737,174959,-0.37854999,51.462379,64533.80365,55962868.56,1855
295,E09000019,Islington,531160,184645,-0.10989,51.54546,20747.74008,14858041.72,820
296,E09000020,Kensington and Chelsea,525756,179058,-0.18977,51.496479,21062.94097,12123771.9,460
297,E09000021,Kingston upon Thames,519508,167389,-0.28367001,51.39296,37549.92172,37259416.98,1225
298,E09000022,Lambeth,531118,175629,-0.11385,51.464451,34048.71204,26807014.53,1140
299,E09000023,Lewisham,537888,173343,-0.017340001,51.442299,41214.89033,35146120.51,1435
300,E09000024,Merton,526068,169508,-0.18867999,51.41058,32439.53367,37624038.28,1015
301,E09000025,Newham,540713,183346,0.027261,51.53149,35876.14494,36195900.43,2430
302,E09000026,Redbridge,543512,189477,0.070084997,51.58588,50492.93878,56397395.01,2550
303,E09000027,Richmond upon Thames,519005,172650,-0.28913999,51.44035,68932.84897,57392803.72,900
304,E09000028,Southwark,533945,175869,-0.073080003,51.465939,34596.34216,28877697.11,1505
305,E09000029,Sutton,527357,163639,-0.17226,51.357552,39927.91571,43847690.33,1820
306,E09000030,Tower Hamlets,536340,181452,-0.03647,51.515541,28755.00627,19770868.22,1695
307,E09000031,Waltham Forest,537328,190278,-0.0188,51.594608,33346.57527,38810231.01,1900
308,E09000032,Wandsworth,525152,174138,-0.20021001,51.4524,38839.85859,34261867.34,1325
309,E09000033,Westminster,528268,180871,-0.15295,51.512211,27534.13167,21482611.2,1080
310,N09000001,Antrim and Newtownabbey,130813,541285,-6.1775999,54.693859,165144.796,728186553.5,#N/A
311,N09000002,"Armagh City, Banbridge and Craigavon",112110,508158,-6.4345498,54.3867,243056.1875,1437068553,#N/A
312,N09000003,Belfast,146465,529747,-5.9253502,54.59853,65908.19752,137716630.2,#N/A
313,N09000004,Causeway Coast and Glens,106168,581420,-6.5995998,55.039619,381749.4931,1985534512,#N/A
314,N09000005,Derry City and Strabane,51779,559566,-7.42064,54.80904,271488.9082,1251241563,#N/A
315,N09000006,Fermanagh and Omagh,41233,513013,-7.5271001,54.385208,426624.0284,3012114877,#N/A
316,N09000007,Lisburn and Castlereagh,138712,518920,-6.03545,54.49752,167382.916,510438068.2,#N/A
317,N09000008,Mid and East Antrim,133943,560151,-6.14645,54.86462,234862.5893,1061355467,#N/A
318,N09000009,Mid Ulster,83920,528564,-6.8888998,54.552731,318433.1848,1957293802,#N/A
319,N09000010,"Newry, Mourne and Down",133006,480432,-6.0889101,54.149529,380092.2594,1682340590,#N/A
320,N09000011,Ards and North Down,164321,524944,-5.64568,54.564091,204687.6608,566472955,#N/A
321,S12000005,Clackmannanshire,291178,696402,-3.75316,56.147839,96934.53723,159185046.8,#N/A
322,S12000006,Dumfries and Galloway,270645,579856,-4.0286298,55.09621,1207100.797,6436566764,#N/A
323,S12000008,East Ayrshire,255398,624935,-4.2905698,55.496738,340964.441,1270342032,#N/A
324,S12000010,East Lothian,354854,672351,-2.72435,55.94207,202128.8727,679240892.6,#N/A
325,S12000011,East Renfrewshire,251929,653115,-4.3606,55.74868,93882.42988,174249494.1,#N/A
326,S12000013,Na h-Eileanan Siar,126473,932862,-6.6572199,58.199379,3871068.339,3096614749,#N/A
327,S12000014,Falkirk,285585,680168,-3.83619,56.000751,169062.8261,297127560.1,#N/A
328,S12000017,Highland,241018,858292,-4.6610298,57.586571,5228313.528,26158744576,#N/A
329,S12000018,Inverclyde,227922,670894,-4.75387,55.900299,79292.11886,161948856.6,#N/A
330,S12000019,Midlothian,330088,659217,-3.1173799,55.82111,126470.9905,355271578.3,#N/A
331,S12000020,Moray,328015,843590,-3.2020199,57.476799,463278.2181,2237554237,#N/A
332,S12000021,North Ayrshire,228996,651640,-4.7245998,55.72789,350167.4813,885284943,#N/A
333,S12000023,Orkney Islands,348293,1006584,-2.90025,58.94334,1203117.009,1015036193,#N/A
334,S12000026,Scottish Borders,345889,626137,-2.85869,55.525951,514330.5618,4739167854,#N/A
335,S12000027,Shetland Islands,434516,1180307,-1.37344,60.504951,2321876.16,1468514417,#N/A
336,S12000028,South Ayrshire,226545,596271,-4.7289901,55.23008,334722.0797,1224369285,#N/A
337,S12000029,South Lanarkshire,284634,636071,-3.83272,55.60453,284527.3225,1773897195,#N/A
338,S12000030,Stirling,255980,708769,-4.3259501,56.249531,374946.1823,2252533429,#N/A
339,S12000033,Aberdeen City,387763,808479,-2.20398,57.166969,123490.6928,185566199,#N/A
340,S12000034,Aberdeenshire,352284,816277,-2.7920799,57.234692,795104.459,6318011419,#N/A
341,S12000035,Argyll and Bute,200740,715443,-5.2211399,56.28944,3795946.113,7005854069,#N/A
342,S12000036,City of Edinburgh,320193,669417,-3.27826,55.911201,110339.0065,263390596.4,#N/A
343,S12000038,Renfrewshire,239305,664698,-4.5683398,55.848621,131636.108,261487693.1,#N/A
344,S12000039,West Dunbartonshire,242904,681586,-4.52074,56.0014,103696.8566,177320342.7,#N/A
345,S12000040,West Lothian,299483,668514,-3.6090901,55.8992,134896.9947,428772889,#N/A
346,S12000041,Angus,345506,759636,-2.8921001,56.725182,328926.6639,2184982991,#N/A
347,S12000042,Dundee City,340291,732145,-2.9709499,56.4776,47831.22102,59800691.09,#N/A
348,S12000045,East Dunbartonshire,261240,676154,-4.2241702,55.95829,99602.36016,174489023.4,#N/A
349,S12000047,Fife,339187,704721,-2.9825101,56.231121,358326.9202,1325190178,#N/A
350,S12000048,Perth and Kinross,284302,744185,-3.88484,56.575279,633252.3285,5383770897,#N/A
351,S12000049,Glasgow City,261534,667033,-4.2147899,55.876492,135582.998,174621293.7,#N/A
352,S12000050,North Lanarkshire,277984,665608,-3.9514,55.868141,163984.6716,472309075.2,#N/A
353,W06000001,Isle of Anglesey,245217,378331,-4.3229799,53.279308,378962.1535,715212566.8,#N/A
354,W06000002,Gwynedd,280555,334966,-3.7771499,52.89883,643031.1861,2548293001,#N/A
355,W06000003,Conwy,283293,362563,-3.74646,53.147388,283264.2622,1130178953,#N/A
356,W06000004,Denbighshire,309843,355416,-3.34761,53.088329,228754.689,838716186.1,#N/A
357,W06000005,Flintshire,321134,369280,-3.1824801,53.21471,239008.2649,439830286.8,#N/A
358,W06000006,Wrexham,333523,345387,-2.9920299,53.001671,190040.4876,503773487.9,#N/A
359,W06000008,Ceredigion,267127,268437,-3.94993,52.297951,382134.5516,1788379278,#N/A
360,W06000009,Pembrokeshire,199821,221392,-4.9081802,51.855129,743271.4117,1618344603,#N/A
361,W06000010,Carmarthenshire,247954,224133,-4.2111001,51.894951,591758.3582,2371104004,#N/A
362,W06000011,Swansea,264022,197308,-3.9672301,51.658058,270826.9123,377614559.6,#N/A
363,W06000012,Neath Port Talbot,279261,195412,-3.7463801,51.644501,182189.8739,442272615.1,#N/A
364,W06000013,Bridgend,288231,185870,-3.61375,51.5606,93192.18923,250785304.4,#N/A
365,W06000014,Vale of Glamorgan,302947,173080,-3.39801,51.44836,108403.0969,331261393.9,#N/A
366,W06000015,Cardiff,315272,178887,-3.22209,51.502541,79618.42294,142303624.6,#N/A
367,W06000016,Rhondda Cynon Taf,302237,192395,-3.41359,51.621849,130240.6246,424150425,#N/A
368,W06000018,Caerphilly,317245,195259,-3.19753,51.650009,116205.6007,277387820.8,#N/A
369,W06000019,Blaenau Gwent,318236,206771,-3.18592,51.753639,65601.67444,108728048.2,#N/A
370,W06000020,Torfaen,327459,200480,-3.0510099,51.69836,82544.77098,126239927.9,#N/A
371,W06000021,Monmouthshire,337812,209231,-2.9028001,51.778271,224917.2428,850326621.7,#N/A
372,W06000022,Newport,337897,187432,-2.8976901,51.58231,153216.3,190431130.8,#N/A
373,W06000023,Powys,302329,273255,-3.4353099,52.34864,610121.3156,5195311014,#N/A
374,W06000024,Merthyr Tydfil,305916,206424,-3.3642499,51.748581,66696.81544,111957012,#N/A
